{
  "animal":-9.04775394475643,
  "bear":-10.8710715787978,
  "bedsidetable":-14.680633003264,
  "bird":-9.71617845423113,
  "blackbear":-14.3935449314237,
  "candy":-11.9686317895151,
  "car":-9.08446571750066,
  "catfish":-13.7667203937948,
  "clothing":-10.6585101368142,
  "clownfish":-17.3321187911378,
  "coffeetable":-13.7572416498403,
  "convertible":-14.8261119693097,
  "daisy":-12.6005978136,
  "dalmatian":-15.7396592152381,
  "diningtable":-14.4316966973881,
  "dog":-9.65350734726836,
  "dressshirt":-15.6173203630458,
  "eagle":-11.4641353008008,
  "fish":-9.74990846460783,
  "flower":-9.93188702705783,
  "furniture":-10.9251388000681,
  "germanshepherd":-15.0603053568105,
  "goldfish":-15.719319531001,
  "grizzlybear":-14.5146758108498,
  "gummybears":-18.1738206660208,
  "hawaiishirt":-21.9372889771258,
  "hummingbird":-13.9862988789446,
  "husky":-15.3027308376741,
  "jellybeans":-15.5993018575432,
  "minivan":-15.1511118047686,
  "mnms":-22.5621169137083,
  "pandabear":-17.7947423130859,
  "parrot":-12.8409509179661,
  "picnictable":-14.4713619537805,
  "pigeon":-12.2020806242606,
  "plant":-8.76791351050068,
  "polarbear":-14.2011730387763,
  "poloshirt":-15.6295156361396,
  "pug":-14.8455300551668,
  "rose":-10.5847061622308,
  "shirt":-10.7428172432742,
  "skittles":-16.2080203584863,
  "snack":-12.3271109739072,
  "sportscar":-14.1580008669111,
  "sunflower":-13.2731862671389,
  "suv":-14.3758766272904,
  "swordfish":-14.3550786505959,
  "table":-8.07966755861639,
  "tshirt":-16.0693054867889,
  "tulip":-13.6844822955579,
  "vehicle":-9.98036859687209
}
